Название,Ссылка,Rss,Selector,Кодировка,Рекамендованно
Community,https://thecommunity.ru,https://thecommunity.ru/rss.xml,body #full-story,utf-8,
Лента.Ру (Самые свежие и самые важные новости),http://lenta.ru,http://lenta.ru/rss/top7,body .b-topic-layout .b-topic-layout__content .b-topic-layout__left .b-topic__content .b-text,utf-8,1
TJ: все новости и статьи,https://tjournal.ru,https://tjournal.ru/rss/all,body .entry_content--full .b-article,utf-8,
Лента.Ру (Новости),http://lenta.ru,http://lenta.ru/rss/news,body .b-topic-layout .b-topic-layout__content .b-topic-layout__left .b-topic__content .b-text,utf-8,
КиноПоиск: Новости,https://www.kinopoisk.ru,https://www.kinopoisk.ru/news.rss,body .article .article__content,windows-1251,1
Ведомости Все новости,https://www.vedomosti.ru,https://www.vedomosti.ru/rss/news,,,
Ведомости Все материалы,https://www.vedomosti.ru,https://www.vedomosti.ru/rss/articles,,,
Ведомости Последний номер газеты,https://www.vedomosti.ru,https://www.vedomosti.ru/rss/issue,,,
Ведомости Действующие лица,https://www.vedomosti.ru,https://www.vedomosti.ru/rss/library/characters,,,
Ведомости Расследования,https://www.vedomosti.ru,https://www.vedomosti.ru/rss/library/investigations,,,
Ведомости Бизнес,https://www.vedomosti.ru,https://www.vedomosti.ru/rss/rubric/business,,,
Ведомости Бизнес - ТЭК,https://www.vedomosti.ru,https://www.vedomosti.ru/rss/rubric/business/energy,,,
Ведомости Бизнес - Промышленность,https://www.vedomosti.ru,https://www.vedomosti.ru/rss/rubric/business/industry,,,
Ведомости Бизнес - Транспорт,https://www.vedomosti.ru,https://www.vedomosti.ru/rss/rubric/business/transport,,,
Ведомости Бизнес - Агропром,https://www.vedomosti.ru,https://www.vedomosti.ru/rss/rubric/business/agriculture,,,
Ведомости Бизнес - Торговля и услуги,https://www.vedomosti.ru,https://www.vedomosti.ru/rss/rubric/business/retail,,,
Ведомости Бизнес - Спортивный бизнес,https://www.vedomosti.ru,https://www.vedomosti.ru/rss/rubric/business/sport,,,
Ведомости Экономика,https://www.vedomosti.ru,https://www.vedomosti.ru/rss/rubric/economics,,,
Ведомости Экономика - Макроэкономика и бюджет,https://www.vedomosti.ru,https://www.vedomosti.ru/rss/rubric/economics/macro,,,
Ведомости Экономика - Госинвестиции и проекты,https://www.vedomosti.ru,https://www.vedomosti.ru/rss/rubric/economics/state_investments,,,
Ведомости Экономика - Мировая экономика,https://www.vedomosti.ru,https://www.vedomosti.ru/rss/rubric/economics/global,,,
Ведомости Экономика - Налоги и сборы,https://www.vedomosti.ru,https://www.vedomosti.ru/rss/rubric/economics/taxes,,,
Ведомости Экономика - Правила,https://www.vedomosti.ru,https://www.vedomosti.ru/rss/rubric/economics/regulations,,,
Ведомости Финансы,https://www.vedomosti.ru,https://www.vedomosti.ru/rss/rubric/finance,,,
Ведомости Финансы - Банки,https://www.vedomosti.ru,https://www.vedomosti.ru/rss/rubric/finance/banks,,,
Ведомости Финансы - Рынки,https://www.vedomosti.ru,https://www.vedomosti.ru/rss/rubric/finance/markets,,,
Ведомости Финансы - Профучастники,https://www.vedomosti.ru,https://www.vedomosti.ru/rss/rubric/finance/players,,,
Ведомости Финансы - Страхование,https://www.vedomosti.ru,https://www.vedomosti.ru/rss/rubric/finance/insurance,,,
Ведомости Финансы - Персональные финансы,https://www.vedomosti.ru,https://www.vedomosti.ru/rss/rubric/finance/personal_finance,,,
Ведомости Мнения,https://www.vedomosti.ru,https://www.vedomosti.ru/rss/rubric/opinion,,,
Ведомости Мнения - Детали,https://www.vedomosti.ru,https://www.vedomosti.ru/rss/rubric/opinion/details,,,
Ведомости Мнения - Аналитика,https://www.vedomosti.ru,https://www.vedomosti.ru/rss/rubric/opinion/analytics,,,
Ведомости Мнения - От редакции,https://www.vedomosti.ru,https://www.vedomosti.ru/rss/rubric/opinion/editorial,,,
Ведомости Политика,https://www.vedomosti.ru,https://www.vedomosti.ru/rss/rubric/politics,,,
Ведомости Политика - Власть,https://www.vedomosti.ru,https://www.vedomosti.ru/rss/rubric/politics/official,,,
Ведомости Политика - Демократия,https://www.vedomosti.ru,https://www.vedomosti.ru/rss/rubric/politics/democracy,,,
Ведомости Политика - Международные отношения,https://www.vedomosti.ru,https://www.vedomosti.ru/rss/rubric/politics/international,,,
Ведомости Политика - Безопасность и право,https://www.vedomosti.ru,https://www.vedomosti.ru/rss/rubric/politics/security_law,,,
Ведомости Политика - Социальная политика,https://www.vedomosti.ru,https://www.vedomosti.ru/rss/rubric/politics/social,,,
Ведомости Политика - Международная жизнь,https://www.vedomosti.ru,https://www.vedomosti.ru/rss/rubric/politics/foreign,,,
Ведомости Технологии,https://www.vedomosti.ru,https://www.vedomosti.ru/rss/rubric/technology,,,
Ведомости Технологии - Телекоммуникации,https://www.vedomosti.ru,https://www.vedomosti.ru/rss/rubric/technology/telecom,,,
Ведомости Технологии - Интернет и digital,https://www.vedomosti.ru,https://www.vedomosti.ru/rss/rubric/technology/internet,,,
Ведомости Технологии - Медиа,https://www.vedomosti.ru,https://www.vedomosti.ru/rss/rubric/technology/media,,,
Ведомости Технологии - ИТ-бизнес,https://www.vedomosti.ru,https://www.vedomosti.ru/rss/rubric/technology/it_business,,,
Ведомости Технологии - Персональные технологии,https://www.vedomosti.ru,https://www.vedomosti.ru/rss/rubric/technology/personal_technologies,,,
Ведомости Технологии - Наукоемкие технологии,https://www.vedomosti.ru,https://www.vedomosti.ru/rss/rubric/technology/hi_tech,,,
Ведомости Недвижимость,https://www.vedomosti.ru,https://www.vedomosti.ru/rss/rubric/realty,,,
Ведомости Недвижимость - Жилая недвижимость,https://www.vedomosti.ru,https://www.vedomosti.ru/rss/rubric/realty/housing,,,
Ведомости Недвижимость - Коммерческая недвижимость,https://www.vedomosti.ru,https://www.vedomosti.ru/rss/rubric/realty/commercial_property,,,
Ведомости Недвижимость - Стройки и инфраструктура,https://www.vedomosti.ru,https://www.vedomosti.ru/rss/rubric/realty/infrastructure,,,
Ведомости Недвижимость - Архитектура и дизайн,https://www.vedomosti.ru,https://www.vedomosti.ru/rss/rubric/realty/architecture,,,
Ведомости Недвижимость - Место для жизни,https://www.vedomosti.ru,https://www.vedomosti.ru/rss/rubric/realty/districts,,,
Ведомости Авто,https://www.vedomosti.ru,https://www.vedomosti.ru/rss/rubric/auto,,,
Ведомости Авто - Автомобильная промышленность,https://www.vedomosti.ru,https://www.vedomosti.ru/rss/rubric/auto/auto_industry,,,
Ведомости Авто - Легковые автомобили,https://www.vedomosti.ru,https://www.vedomosti.ru/rss/rubric/auto/cars,,,
Ведомости Авто - Коммерческие автомобили,https://www.vedomosti.ru,https://www.vedomosti.ru/rss/rubric/auto/commercial_vehicles,,,
Ведомости Авто - Дизайн и технологии,https://www.vedomosti.ru,https://www.vedomosti.ru/rss/rubric/auto/car_design,,,
Ведомости Авто - Тест-драйвы,https://www.vedomosti.ru,https://www.vedomosti.ru/rss/rubric/auto/test_drive,,,
Ведомости Менеджмент,https://www.vedomosti.ru,https://www.vedomosti.ru/rss/rubric/management,,,
Ведомости Менеджмент - Карьера,https://www.vedomosti.ru,https://www.vedomosti.ru/rss/rubric/management/career,,,
Ведомости Менеджмент - Управление,https://www.vedomosti.ru,https://www.vedomosti.ru/rss/rubric/management/management,,,
Ведомости Менеджмент - Зарплаты и занятость,https://www.vedomosti.ru,https://www.vedomosti.ru/rss/rubric/management/compensation,,,
Ведомости Менеджмент - Предпринимательство,https://www.vedomosti.ru,https://www.vedomosti.ru/rss/rubric/management/entrepreneurship,,,
Ведомости Менеджмент - Бизнес-образование,https://www.vedomosti.ru,https://www.vedomosti.ru/rss/rubric/management/education,,,
Ведомости Стиль жизни,https://www.vedomosti.ru,https://www.vedomosti.ru/rss/rubric/lifestyle,,,
Ведомости Стиль жизни - Досуг,https://www.vedomosti.ru,https://www.vedomosti.ru/rss/rubric/lifestyle/leisure,,,
Ведомости Стиль жизни - Культура,https://www.vedomosti.ru,https://www.vedomosti.ru/rss/rubric/lifestyle/culture,,,
Ведомости Стиль жизни - Люкс,https://www.vedomosti.ru,https://www.vedomosti.ru/rss/rubric/lifestyle/luxury,,,
Ведомости Стиль жизни - Интервью,https://www.vedomosti.ru,https://www.vedomosti.ru/rss/rubric/lifestyle/interview,,,
Ведомости Стиль жизни - Линии жизни,https://www.vedomosti.ru,https://www.vedomosti.ru/rss/rubric/lifestyle/lifeline,,,
NewsRu Главняе новости,https://www.newsru.com,https://rss.newsru.com/top/big/,,,
NewsRu Важные новости,https://www.newsru.com,https://rss.newsru.com/top/main/,,,
NewsRu В России,https://www.newsru.com,https://rss.newsru.com/russia/,,,
NewsRu В мире,https://www.newsru.com,https://rss.newsru.com/world/,,,
NewsRu Экономика,https://www.newsru.com,https://rss.newsru.com/finance/,,,
NewsRu Религия и общество,https://www.newsru.com,https://rss.newsru.com/religy/,,,
NewsRu Криминал,https://www.newsru.com,https://rss.newsru.com/crime/,,,
NewsRu Спорт,https://www.newsru.com,https://rss.newsru.com/sport/,,,
NewsRu Культура,https://www.newsru.com,https://rss.newsru.com/cinema/,,,
Риа Новости Политика,https://ria.ru,http://ria.ru/export/rss2/politics/index.xml,,,
Риа Новости В мире,https://ria.ru,http://ria.ru/export/rss2/world/index.xml,,,
Риа Новости Экономика,https://ria.ru,http://ria.ru/export/rss2/economy/index.xml,,,
Риа Новости Общество,https://ria.ru,http://ria.ru/export/rss2/society/index.xml,,,
Риа Новости Образование,https://ria.ru,http://ria.ru/export/rss2/education/index.xml,,,
Риа Новости Москва,https://ria.ru,http://ria.ru/export/rss2/moscow/index.xml,,,
Риа Новости Спорт,https://ria.ru,http://sport.ria.ru/export/rss2/sport/index.xml,,,
Риа Новости Происшествия,https://ria.ru,http://ria.ru/export/rss2/incidents/index.xml,,,
Риа Новости Оборона и безопасность,https://ria.ru,http://ria.ru/export/rss2/defense_safety/index.xml,,,
Риа Новости Наука и технологии,https://ria.ru,http://ria.ru/export/rss2/science/index.xml,,,
Риа Новости Экология,https://ria.ru,http://eco.ria.ru/export/rss2/eco/index.xml,,,
Риа Новости Туризм,https://ria.ru,http://ria.ru/export/rss2/tourism/index.xml,,,
Риа Новости Культура,https://ria.ru,http://ria.ru/export/rss2/culture/index.xml,,,
Риа Новости Ленты анонсов,https://ria.ru,http://ria.ru/export/rss2/announce/index.xml,,,
Риа Новости Справки,https://ria.ru,http://ria.ru/export/rss2/spravka/index.xml,,,
Риа Новости Фотоленты,https://ria.ru,http://ria.ru/export/rss2/photolents/index.xml,,,
Риа Новости Видео,https://ria.ru,http://ria.ru/export/rss2/video/index.xml,,,
Риа Новости Инфографика,https://ria.ru,http://ria.ru/export/rss2/infografika/index.xml,,,
Риа Новости Ты-репортер,https://ria.ru,http://www.youreporter.ru/export/rss2/ugc/index.xml,,,
ТАСС,http://tass.ru,http://tass.ru/rss/v2.xml,,,1
hi-news,https://hi-news.ru,https://hi-news.ru/feed,,,
Техномания Автомобили,https://texnomaniya.ru,https://texnomaniya.ru/rss_category_feed/automotive-news/,,,
Техномания Космос,https://texnomaniya.ru,https://texnomaniya.ru/rss_category_feed/kosmos/,,,
Техномания Авиация,https://texnomaniya.ru,https://texnomaniya.ru/rss_category_feed/aviation-news/,,,
Техномания Военная техника,https://texnomaniya.ru,https://texnomaniya.ru/rss_category_feed/voennaya-texnika/,,,
Техномания Электроника,https://texnomaniya.ru,https://texnomaniya.ru/rss_category_feed/electronics/,,,
"Техномания Интернет, IT",https://texnomaniya.ru,https://texnomaniya.ru/rss_category_feed/internet-news/,,,
Техномания Научные открытия,https://texnomaniya.ru,https://texnomaniya.ru/rss_category_feed/science-news/,,,
Техномания Технология ,https://texnomaniya.ru,https://texnomaniya.ru/rss_category_feed/technology/,,,
"Техномания Разное, интересное",https://texnomaniya.ru,https://texnomaniya.ru/rss_category_feed/other-interesting-news/,,,
Техномания Образование и наука ,https://texnomaniya.ru,https://texnomaniya.ru/rss_category_feed/nauka/,,,
Техномания Все новости,https://texnomaniya.ru,https://texnomaniya.ru/rss_all_news_feed/,,,
wylsacom,http://blog.wylsa.com,http://blog.wylsa.com/rss,,,
Криптовалюта.TECH,https://cryptocurrency.tech,https://cryptocurrency.tech/feed/,,,1
Cryptonews,https://ru.crypto-news.io,https://ru.crypto-news.io/rss/feed/news?category=,,,
РБК,https://www.rbc.ru,http://static.feed.rbc.ru/rbc/logical/footer/news.rss,,,
cryptowiki,https://cryptowiki.ru,https://cryptowiki.ru/feed,,,
cryptocurrencynews,https://cryptocurrencynews.com,https://cryptocurrencynews.com/feed/,,,
Медуза,https://meduza.io,https://meduza.io/rss/all,,,1
finanz Все новости,https://www.finanz.ru,https://www.finanz.ru/rss/novosti,,,1
finanz Новости Finanz.ru,https://www.finanz.ru,https://www.finanz.ru/rss/novosti/istochnik/finanzru,,,
finanz Новости Блумберг,https://www.finanz.ru,https://www.finanz.ru/rss/novosti/istochnik/bloomberg,,,
finanz Новости ТАСС,https://www.finanz.ru,https://www.finanz.ru/rss/novosti/istochnik/tass,,,
finanz Главные новости,https://www.finanz.ru,https://www.finanz.ru/rss/novosti/glavnye-novosti,,,
finanz Прогнозы аналитиков,https://www.finanz.ru,https://www.finanz.ru/rss/prognozy-analitikov,,,
woman.ru - Все новые публикации,http://www.woman.ru,http://www.woman.ru/rss/,,,
woman.ru - Все новые темы форума,http://www.woman.ru,http://www.woman.ru/forum/rss/,,,
МКRU Все материалы,https://www.mk.ru,https://www.mk.ru/rss/index.xml,,,
МКRU Новостная лента,https://www.mk.ru,https://www.mk.ru/rss/news/index.xml,,,
МКRU Свежий МК,https://www.mk.ru,https://www.mk.ru/rss/daily/index.xml,,,
МКRU Экономика,https://www.mk.ru,https://www.mk.ru/rss/economics/index.xml,,,
МКRU Политика,https://www.mk.ru,https://www.mk.ru/rss/politics/index.xml,,,
МКRU Происшествия,https://www.mk.ru,https://www.mk.ru/rss/incident/index.xml,,,
МКRU Общество,https://www.mk.ru,https://www.mk.ru/rss/social/index.xml,,,
МКRU Культура,https://www.mk.ru,https://www.mk.ru/rss/culture/index.xml,,,
МКRU Наука,https://www.mk.ru,https://www.mk.ru/rss/science/index.xml,,,
МКRU Спорт,https://www.mk.ru,https://www.mk.ru/rss/sport/index.xml,,,
Дождь ТВ Все материалы,https://tvrain.ru,https://tvrain.ru/export/rss/all.xml,,,
Эхо москвы - Тексты всех передач,https://echo.msk.ru,https://echo.msk.ru/interview/rss-fulltext.xml,,,
Фонтанка Ру,https://www.fontanka.ru,https://www.fontanka.ru/fontanka.rss,,,
Газета РУ Главное: Первая полоса,https://www.gazeta.ru,https://www.gazeta.ru/export/rss/first.xml,,,
Газета РУ Главное: Хроника дня,https://www.gazeta.ru,https://www.gazeta.ru/export/rss/lenta.xml,,,
Газета РУ Главное: Новость часа,https://www.gazeta.ru,https://www.gazeta.ru/export/rss/lastnews.xml,,,
Газета РУ Политика: Новости политики,https://www.gazeta.ru,https://www.gazeta.ru/export/rss/politics_news.xml,,,
Газета РУ Бизнес: Деловые новости,https://www.gazeta.ru,https://www.gazeta.ru/export/rss/busnews.xml,,,
Газета РУ Общество:Новости,https://www.gazeta.ru,https://www.gazeta.ru/export/rss/social_more.xml,,,
Газета РУ Стиль:,https://www.gazeta.ru,https://www.gazeta.ru/export/rss/lifestyle_news.xml,,,
Газета РУ Технологии:,https://www.gazeta.ru,https://www.gazeta.ru/export/rss/tech_news.xml,,,
Газета РУ Армия:,https://www.gazeta.ru,https://www.gazeta.ru/export/rss/army_news.xml,,,
Газета РУ Мнения:Заметки,https://www.gazeta.ru,https://www.gazeta.ru/export/rss/comments.xml,,,
Газета РУ Культура:,https://www.gazeta.ru,https://www.gazeta.ru/export/rss/culture_more.xml,,,
Газета РУ Наука:,https://www.gazeta.ru,https://www.gazeta.ru/export/rss/science_more.xml,,,
Газета РУ Спорт:,https://www.gazeta.ru,https://www.gazeta.ru/export/rss/sportnews.xml,,,
Газета РУ Авто:Новости,https://www.gazeta.ru,https://www.gazeta.ru/export/rss/autonews.xml,,,
Газета РУ Авто:Тестдрайвы,https://www.gazeta.ru,https://www.gazeta.ru/export/rss/auto_testdrive.xml,,,
Газета РУ Авторские колонки,https://www.gazeta.ru,https://www.gazeta.ru/export/rss/kolonka.xml,,,
life.ru,https://life.ru,https://life.ru/xml/feed.xml,,,
wday.ru - новости шоуБ,http://www.wday.ru,http://www.wday.ru/rss/,,,
Дни ру - новости шоуБ,https://dni.ru,https://dni.ru/rss.xml,,,
Чемпионат - все новсти спорта,https://www.championat.com,https://www.championat.com/rss/news/,,,1
Чемпионат - все статьи,https://www.championat.com,https://www.championat.com/rss/article/,,,
URA.RU,https://ura.news,https://ura.news/rss,,,
Журнал 7 дней,https://7days.ru,https://7days.ru/rss/all/,,,
За Рулем,https://www.zr.ru,https://www.zr.ru/rss-yandex/,,,1
Аргументы и Факты,http://www.aif.ru,http://www.aif.ru/rss/all.php,,,
elle.ru - женский журнал,https://www.elle.ru,https://www.elle.ru/rss/elle_ru/rss.xml,,,
Взгляд,https://vz.ru,https://vz.ru/rss.xml,,,
Радиус - бизнес,https://www.ridus.ru,https://www.ridus.ru/rss/news,,,1
Независимая Газета,http://www.ng.ru,http://www.ng.ru/rss/,,,
znak.com - политика,https://www.znak.com,https://www.znak.com/rss,,,
ASTV.RU,https://astv.ru,https://astv.ru/rss/lenta,,,
tourdom.ru,https://www.tourdom.ru,https://www.tourdom.ru/rss/,,,
naked-science - основной,https://naked-science.ru,https://naked-science.ru/feedrss.xml,,,1
naked-science - подкаст,https://naked-science.ru,https://rss.simplecast.com/podcasts/3284/rss,,,
naked-science - наука,https://naked-science.ru,https://naked-science.ru/sci_rss.xml,,,
naked-science - Hi-Tech,https://naked-science.ru,https://naked-science.ru/hi-tech_rss.xml,,,
naked-science - Интервью,https://naked-science.ru,https://naked-science.ru/interview_rss.xml,,,
naked-science - С точки зрения науки,https://naked-science.ru,https://naked-science.ru/nakedscience_rss.xml,,,
naked-science - Оружие и техника,https://naked-science.ru,https://naked-science.ru/tech_rss.xml,,,
naked-science - Медиа,https://naked-science.ru,https://naked-science.ru/media_rss.xml,,,
naked-science - Психология,https://naked-science.ru,https://naked-science.ru/psy_rss.xml,,,
naked-science - Concept,https://naked-science.ru,https://naked-science.ru/concept_rss.xml,,,
naked-science - Фотогалерея,https://naked-science.ru,https://naked-science.ru/photo_rss.xml,,,
naked-science - Фото дня,https://naked-science.ru,https://naked-science.ru/day_rss.xml,,,
naked-science - Sci-Fi,https://naked-science.ru,https://naked-science.ru/sci-fi_rss.xml,,,
naked-science - History ,https://naked-science.ru,https://naked-science.ru/history_rss.xml,,,
naked-science - Live,https://naked-science.ru,https://naked-science.ru/live_rss.xml,,,
tproger.ru,https://tproger.ru,https://tproger.ru/feed/,,,
Вокруг света - Новые статьи,http://www.vokrugsveta.ru,http://www.vokrugsveta.ru/rss/articles.xml,,,1
Вокруг света - RSS новостей,http://www.vokrugsveta.ru,http://www.vokrugsveta.ru/rss/news.xml,,,
Вокруг света -  RSS фото дня: ,http://www.vokrugsveta.ru,http://www.vokrugsveta.ru/rss/photo_of_the_day.xml,,,
Вокруг света - RSS блогов,http://www.vokrugsveta.ru,http://www.vokrugsveta.ru/blogs/rss/rss2/,,,
top gear,https://topgearrussia.ru,https://topgearrussia.ru/rss/news.rss,,,
Авто взгляд,http://www.avtovzglyad.ru,http://www.avtovzglyad.ru/rss/index.xml,,,
AD Архитиктура ,https://www.admagazine.ru,https://www.admagazine.ru/rss/,,,
zozhnik,http://zozhnik.ru,http://zozhnik.ru/feed/,,,
Игромания,https://www.igromania.ru,https://www.igromania.ru/rss/all.rss,,,1
playground Новости ,http://www.playground.ru,http://www.playground.ru/rss/news.xml,,,1
playground Статьи,http://www.playground.ru,http://www.playground.ru/rss/articles.xml,,,
playground Читы,http://www.playground.ru,http://www.playground.ru/rss/cheats.xml,,,
playground Файлы,http://www.playground.ru,http://www.playground.ru/rss/files.xml,,,
noob-club игры,https://www.noob-club.ru,https://www.noob-club.ru/rss2.xml,,,
Горький - культура,https://gorky.media,https://gorky.media/feed/,,,
Военное обозрение,https://topwar.ru,https://topwar.ru/rss.xml,,,
Вести,https://www.vesti.ru,https://www.vesti.ru/vesti.rss,,,
РТ на русском,https://russian.rt.com,https://russian.rt.com/rss,,,
Известия,https://iz.ru,https://iz.ru/xml/rss/all.xml,,,
Звезда,https://tvzvezda.ru,https://tvzvezda.ru/export/rss.xml,,,
Правда Ру - Политика  ,https://www.pravda.ru,https://www.pravda.ru/politics/export.xml,,,
Правда Ру - Мир  ,https://www.pravda.ru,https://www.pravda.ru/world/export.xml,,,
Правда Ру - Общество,https://www.pravda.ru,https://www.pravda.ru/society/export.xml,,,
Правда Ру - Наука и техника ,https://www.pravda.ru,https://www.pravda.ru/science/export.xml,,,
Правда Ру - Экономика ,https://www.pravda.ru,https://www.pravda.ru/economics/export.xml,,,
Правда Ру - Россия ,https://www.pravda.ru,https://www.pravda.ru/districts/export.xml,,,
Правда Ру - Культура,https://www.pravda.ru,https://www.pravda.ru/culture/export.xml,,,
Правда Ру -  Politonline.ru ,https://www.pravda.ru,http://www.politonline.ru/rss/article.xml,,,
Правда Ру - Здоровье,https://www.pravda.ru,http://www.medpulse.ru/all.xml,,,
Правда Ру - Моя семья ,https://www.pravda.ru,http://www.missus.ru/all.xml,,,
Правда Ру - Происшествия  ,https://www.pravda.ru,https://www.pravda.ru/accidents/export.xml,,,
Правда Ру - Бизнес,https://www.pravda.ru,http://www.bigness.ru/rss,,,
Правда Ру - Путешествия ,https://www.pravda.ru,https://www.pravda.ru/travel/export.xml,,,
Правда Ру - События недели ,https://www.pravda.ru,https://www.pravda.ru/week/export.xml,,,
ren.tv,http://ren.tv,http://ren.tv/export/feed.xml,,,
4pda - технологии ,http://4pda.ru,http://4pda.ru/feed/,,,
3dnews - Новости hardware,https://3dnews.ru,https://3dnews.ru/news/rss/,,,
3dnews - Новости software,https://3dnews.ru,https://3dnews.ru/software-news/rss/,,,
3dnews - Умные Вещи,https://3dnews.ru,https://3dnews.ru/smart-things/rss/,,,
3dnews - Аналитика,https://3dnews.ru,https://3dnews.ru/editorial/rss/,,,
3dnews - Процессоры и память,https://3dnews.ru,https://3dnews.ru/cpu/rss/,,,
3dnews - Материнские платы,https://3dnews.ru,https://3dnews.ru/motherboard/rss/,,,
3dnews - Корпуса, БП и охлаждение,https://3dnews.ru,https://3dnews.ru/cooling/rss/,,,
3dnews - Видеокарты,https://3dnews.ru,https://3dnews.ru/video/rss/,,,
3dnews - Мониторы и проекторы,https://3dnews.ru,https://3dnews.ru/display/rss/,,,
3dnews - Накопители,https://3dnews.ru,https://3dnews.ru/storage/rss/,,,
3dnews - Цифровой автомобиль,https://3dnews.ru,https://3dnews.ru/auto/rss/,,,
3dnews - Сотовая связь,https://3dnews.ru,https://3dnews.ru/phone/rss/,,,
3dnews - Периферия,https://3dnews.ru,https://3dnews.ru/peripheral/rss/,,,
3dnews - Ноутбуки и ПК,https://3dnews.ru,https://3dnews.ru/mobile/rss/,,,
3dnews - Планшеты,https://3dnews.ru,https://3dnews.ru/tablets/rss/,,,
3dnews - Звук и акустика,https://3dnews.ru,https://3dnews.ru/multimedia/rss/,,,
3dnews - Цифровое фото и видео,https://3dnews.ru,https://3dnews.ru/digital/rss/,,,
3dnews - Сети и коммуникации,https://3dnews.ru,https://3dnews.ru/communication/rss/,,,
3dnews - Игры,https://3dnews.ru,https://3dnews.ru/games/rss/,,,
3dnews - Программное обеспечение,https://3dnews.ru,https://3dnews.ru/software/rss/,,,
3dnews - Off-сянка,https://3dnews.ru,https://3dnews.ru/offsyanka/rss/,,,
3dnews - Мастерская,https://3dnews.ru,https://3dnews.ru/workshop/rss/,,,
iphones.ru,https://www.iphones.ru,https://www.iphones.ru/feed,,,
akket.com - техника,https://akket.com,https://akket.com/feed,,,
mobile-review.com,http://mobile-review.com,http://mobile-review.com/news/feed,,,
hi-news.ru,https://hi-news.ru,https://hi-news.ru/feed,,,
vc.ru,https://vc.ru,https://vc.ru/rss/all,,,
androidinsider.ru,https://androidinsider.ru,https://androidinsider.ru/feed,,,
trashbox - Главная страница,https://trashbox.ru,https://trashbox.ru/feed/?approved,,,
trashbox -Все новые топики,https://trashbox.ru,https://trashbox.ru/feed/,,,
trashbox - Программы,https://trashbox.ru,https://trashbox.ru/feed/apps/,,,
trashbox - Игры,https://trashbox.ru,https://trashbox.ru/feed/games/,,,
trashbox - Новости,https://trashbox.ru,https://trashbox.ru/feed/news/,,,
trashbox - Статьи,https://trashbox.ru,https://trashbox.ru/feed/texts/,,,
trashbox - Обзоры,https://trashbox.ru,https://trashbox.ru/feed/reviews/,,,
trashbox - Вопросы,https://trashbox.ru,https://trashbox.ru/feed/forum/,,,
 cnews.ru - все нровости,http://www.cnews.ru,http://www.cnews.ru/inc/rss/news.xml,,,
 cnews.ru - главные новсти,http://www.cnews.ru,http://www.cnews.ru/inc/rss/news_top.xml,,,
 cnews.ru - лента новостей,http://www.cnews.ru,http://www.cnews.ru/inc/rss/news_line.xml,,,
 cnews.ru - безопасность,http://www.cnews.ru,http://www.cnews.ru/inc/rss/safe.xml,,,
 cnews.ru - Открытое ПО,http://www.cnews.ru,http://www.cnews.ru/inc/rss/rss_open.xml,,,
 cnews.ru - Аналитика,http://www.cnews.ru,http://www.cnews.ru/inc/rss/analytics.xml,,,
 cnews.ru - мероприятия,http://www.cnews.ru,http://www.cnews.ru/inc/rss/agenda.xml,,,
 cnews.ru - ИКТ-безнесс,http://www.cnews.ru,http://www.cnews.ru/inc/rss/biz.xml,,,
 cnews.ru - телеком,http://www.cnews.ru,http://www.cnews.ru/inc/rss/telecom.xml,,,
 cnews.ru - итеграция,http://www.cnews.ru,http://www.cnews.ru/inc/rss/corp.xml,,,
 cnews.ru - интернет,http://www.cnews.ru,http://www.cnews.ru/inc/rss/internet.xml,,,
 cnews.ru - zoom-статьи,http://www.cnews.ru,http://zoom.cnews.ru/inc/rss/rss_zoom.xml,,,
 cnews.ru - zoom-новости,http://www.cnews.ru,http://zoom.cnews.ru/inc/rss/rss_zoom_news.xml,,,
 cnews.ru - наука,http://www.cnews.ru,http://zoom.cnews.ru/rnd/inc/rss/rss.xml,,,
 cnews.ru - игры,http://www.cnews.ru,http://zoom.cnews.ru/games/inc/rss/rss.xml,,,
 cnews.ru - soft,http://www.cnews.ru,http://zoom.cnews.ru/soft/inc/rss/rss.xml,,,
Эксперт ,http://expert.ru,http://expert.ru/doc-list/rss/,,,
ВЕСТИ-экономика,https://www.vestifinance.ru,https://www.vestifinance.ru/yandex.xml,,,
forbes ру,http://www.forbes.ru,http://www.forbes.ru/newrss.xml,,,
Клерк.ру,https://www.klerk.ru,https://www.klerk.ru/xml/index.xml,,,
ПОВАРЁНОК.РУ - все новсти,https://www.povarenok.ru,https://www.povarenok.ru/rss/news/,,,1
ПОВАРЁНОК.РУ - все рецепты,https://www.povarenok.ru,https://www.povarenok.ru/rss/recipes/,,,
ПОВАРЁНОК.РУ - все статьи,https://www.povarenok.ru,https://www.povarenok.ru/rss/articles/,,,
ПОВАРЁНОК.РУ - все дневники,https://www.povarenok.ru,https://www.povarenok.ru/rss/blog/,,,
Гастраномъ,https://www.gastronom.ru/RSS,https://www.gastronom.ru/RSS,,,1
ГАРАНТ.РУ,http://www.garant.ru,http://rss.garant.ru/news/,,,
womanhit,http://www.womanhit.ru,http://www.womanhit.ru/rss/index.xml,,,
Вся правда,http://allpravda.info,http://allpravda.info/rss/index,,,
popcornnews,https://www.popcornnews.ru,https://www.popcornnews.ru/rss.php?1,,,
Пятый канал,https://www.5-tv.ru,https://www.5-tv.ru/news/rss/,,,
lostfilm.tv,http://www.lostfilm.tv,http://www.lostfilm.tv/rss.xml,,,1
kg-portal.ru - все новости,https://kg-portal.ru,https://kg-portal.ru/rss/news_all.rss,,,
fishki.net,https://fishki.net,https://fishki.net/rss/,,,
prokino,http://prokino.org,http://prokino.org/rss.xml,,,
film.ru,https://www.film.ru,https://www.film.ru/export/news.rss,,,
Мир фантастики,https://www.mirf.ru,https://www.mirf.ru/feed,,,
Популярная механика,https://www.popmech.ru,https://www.popmech.ru/out/public-all.xml,,,
Дилетант,https://diletant.media,https://diletant.media/rss/,,,
N+1,https://nplus1.ru,https://nplus1.ru/rss,,,
ПостНаука,https://postnauka.ru,https://postnauka.ru/feed,,,
Элементы - биология,http://elementy.ru,http://elementy.ru/rss/news,,,
Космос,https://kosmos-x.net.ru,https://kosmos-x.net.ru/news/rss/,,,
archi.ru - архетектура,https://archi.ru,https://archi.ru/rss.xml,,,
tourdom.ru,https://www.tourdom.ru,https://www.tourdom.ru/rss/,,,
risk.ru - путешествия,https://www.risk.ru,https://www.risk.ru/rss,,,
travelask,http://travelask.ru,http://travelask.ru/blog/posts/feed.rss,,,
Лайфхакер,https://lifehacker.ru,https://lifehacker.ru/feed/,,,
Туристер,https://www.tourister.ru,https://www.tourister.ru/responses/rss,,,
mountain.ru,http://www.mountain.ru,http://www.mountain.ru/rss/,,,
sports.ru - все материалы (но не новости) сайта,https://www.sports.ru,https://www.sports.ru/rss/main.xml,,,1
sports.ru - все новости (но не материалы) сайта,https://www.sports.ru,https://www.sports.ru/rss/all_news.xml,,,
sports.ru – все новости футбола,https://www.sports.ru,https://www.sports.ru/rss/rubric.xml?s=208,,,
sports.ru – все новости, материалы и записи в блогах по теме Зенит,https://www.sports.ru,https://www.sports.ru/rss/tags.xml?id=1044514,,,
sports.ru – блог Василия Уткина,https://www.sports.ru,https://www.sports.ru//tribuna/blogs/utkin/rss.xml,,,
sports.ru – конференция Василия Уткина,https://www.sports.ru,https://www.sports.ru/rss/conference/338597.xml,,,
sport-express.ru - все новсти,https://www.sport-express.ru,https://www.sport-express.ru/services/materials/news/se/,,,
Футбол на куличках - ФНК,http://football.kulichki.net,http://football.kulichki.net/news.rss,,,
fanat1k.ru,http://fanat1k.ru,http://fanat1k.ru/rss.php,,,
Футбол России,https://www.rusfootball.info,https://www.rusfootball.info/rss.xml,,,1
allboxing,http://allboxing.ru,http://allboxing.ru/atom.xml,,,
Евро футбол,https://www.euro-football.ru,https://www.euro-football.ru/category/rss/,,,
Спорт ФМ,https://sportfm.ru,https://sportfm.ru/xml_output/yandex.php,,,
Российская премьер-лига - РПЛ,https://premierliga.ru,https://premierliga.ru/news/rfpl/news.rss,,,1
Спорт день за днем,https://www.sportsdaily.ru,https://www.sportsdaily.ru/news.rss,,,
Все новсти зенита,https://fc-zenit.ru,https://fc-zenit.ru/rss/allnews.rss,,,
Мир формулы - 1,https://www.f1-world.ru,https://www.f1-world.ru/news/rssexp6.xml,,,1
allhockey,https://allhockey.ru,https://allhockey.ru/rss.xml,,,
soccernews,https://soccernews.ru,https://soccernews.ru/rss,,,
soccer365.ru,http://soccer365.ru,http://st1.soccer365.ru/s1/news.xml,,,
news.tut.by,https://news.tut.by,https://news.tut.by/rss/sport/all.rss,,,
football.ua,http://football.ua,http://football.ua/rss2.ashx,,,
Сделай своими руками,https://sdelaysam-svoimirukami.ru,https://sdelaysam-svoimirukami.ru/rss.xml,,,1
Охотники РУ,https://www.ohotniki.ru,https://www.ohotniki.ru/rss/index.xml,,,1
Страна мастеров,http://stranamasterov.ru,http://stranamasterov.ru/news/feed,,,1
babiki куклы,https://babiki.ru,https://babiki.ru/rss/allcomments/,,,
Яплакалъ,https://www.yaplakal.com,https://www.yaplakal.com/news.xml,,,1
Триникси,https://trinixy.ru/engine,https://trinixy.ru/engine/rss.php,,,
Фактрум - юмор,https://www.factroom.ru,https://www.factroom.ru/feed,,,1
pressa.tv,https://pressa.tv,https://pressa.tv/rss.xml,,,
korzik.net- юмор,https://korzik.net,https://korzik.net/rss.xml,,,